,AAE_avg,AAE_std,AAE_min,AAE_max,AAE_gen,AAE_nevals,size_avg,size_std,size_min,size_max,size_gen,size_nevals,height_avg,height_std,height_min,height_max,height_gen,height_nevals
0,645.8810030864425,4590.843780059346,45.86976701675135,76856.55431661017,1.0,1000.0,2.748,1.2963394617151789,1.0,12.0,1.0,1000.0,1.35,0.653834841531101,0.0,4.0,1.0,1000.0
1,484.73073652330345,3408.121869551329,24.76861361745767,76590.54937880723,2.0,1000.0,2.904,1.4949193958203901,1.0,12.0,2.0,1000.0,1.374,0.7253440562932877,0.0,5.0,2.0,1000.0
2,285.93631112530795,124.1020229591445,24.545250233894933,370.5974223952531,3.0,1000.0,2.992,1.6792665065438541,1.0,11.0,3.0,1000.0,1.358,0.8682372947529955,0.0,5.0,3.0,1000.0
3,595.1960434410677,5370.093862843403,24.351077943649376,77786.84942110196,4.0,1000.0,2.956,1.920953929692225,1.0,10.0,4.0,1000.0,1.262,1.0398826856910353,0.0,5.0,4.0,1000.0
4,369.74471572080205,4841.689987920022,24.15059585715551,78933.8073365339,5.0,1000.0,3.194,2.611582661912121,1.0,12.0,5.0,1000.0,1.314,1.5044613654062373,0.0,5.0,5.0,1000.0
5,38.1312384073538,9.639317167147711,23.95551916223716,46.434415534948016,6.0,1000.0,3.864,3.108295996201134,1.0,13.0,6.0,1000.0,1.634,1.7674965346500684,0.0,7.0,6.0,1000.0
6,29.549048417644016,8.385932853688098,23.507587232029923,45.76919543966841,7.0,1000.0,4.692,3.6062634401829268,1.0,16.0,7.0,1000.0,2.078,1.9788673528056397,0.0,9.0,7.0,1000.0
7,816.5002662903843,7763.775876098652,23.79362191445632,80882.01841667257,8.0,1000.0,4.436,3.8081365521735164,1.0,17.0,8.0,1000.0,1.896,2.0102696336561423,0.0,8.0,8.0,1000.0
8,24.73709604220825,0.3031745118997691,23.558102513890436,25.396196019447185,9.0,1000.0,4.292,4.017304568986524,1.0,18.0,9.0,1000.0,1.82,2.1183956193308178,0.0,8.0,9.0,1000.0
9,24.702678874477694,0.2836620346915374,23.263333071954737,25.1481814129634,10.0,1000.0,4.078,4.064469953142722,1.0,21.0,10.0,1000.0,1.694,2.1439132445134064,0.0,9.0,10.0,1000.0
10,24.64997710590705,0.2855636282318613,23.583018046953562,25.09499630044261,11.0,1000.0,4.17,4.039938118337953,1.0,23.0,11.0,1000.0,1.748,2.1523233957749004,0.0,9.0,11.0,1000.0
11,24.652380897139256,0.33268639389280275,23.20490949140906,25.15250917995716,12.0,1000.0,4.032,4.157279879921485,1.0,25.0,12.0,1000.0,1.634,2.16611264711695,0.0,10.0,12.0,1000.0
12,24.57718072801724,0.34323289009317154,23.36342640105225,25.119876671272937,13.0,1000.0,4.09,3.9650851188845873,1.0,17.0,13.0,1000.0,1.66,2.0631044568804553,0.0,8.0,13.0,1000.0
13,24.44958229734259,0.4308959418807515,22.880012906993233,25.10267728358376,14.0,1000.0,4.042,3.965884012423964,1.0,20.0,14.0,1000.0,1.61,1.997473404078262,0.0,9.0,14.0,1000.0
14,24.35201559439573,0.4916005649390333,22.986742353055416,25.30681533723487,15.0,1000.0,4.698,4.581134793912967,1.0,23.0,15.0,1000.0,1.93,2.2726856359822403,0.0,9.0,15.0,1000.0
15,148.48338402882032,2546.040362783583,23.084636326364944,57007.48766530599,16.0,1000.0,6.02,5.4874037576981705,1.0,29.0,16.0,1000.0,2.514,2.504756275568543,0.0,10.0,16.0,1000.0
16,2574.6237213509517,47635.5351183016,22.740765659668725,1059822.1155896944,17.0,1000.0,6.756,5.55917835655594,1.0,31.0,17.0,1000.0,2.886,2.457845397904433,0.0,10.0,17.0,1000.0
17,55.309692208287,110.9853290248166,22.6515591149684,1325.1597742156152,18.0,1000.0,6.734,5.358287412970678,1.0,30.0,18.0,1000.0,2.862,2.3466904354856863,0.0,10.0,18.0,1000.0
18,333.1017837076172,4503.340536482132,22.921504520278845,73236.29624303881,19.0,1000.0,7.294,5.891652060330786,1.0,28.0,19.0,1000.0,3.066,2.470150602696119,0.0,10.0,19.0,1000.0
19,494.3476675725482,5435.505949265329,22.94180378654673,76574.86455573713,20.0,1000.0,6.984,5.727804465936315,1.0,30.0,20.0,1000.0,2.958,2.4438158686775076,0.0,10.0,20.0,1000.0
20,235.70350853301116,3469.331044249506,22.830381959295345,77682.87547170337,21.0,1000.0,6.896,5.8073388053393264,1.0,37.0,21.0,1000.0,2.938,2.5215384192988215,0.0,10.0,21.0,1000.0
21,323.91720303469396,3858.130912114853,22.957931784018854,64562.01112097911,22.0,1000.0,6.548,5.118954580771351,1.0,30.0,22.0,1000.0,2.806,2.2839360761632537,0.0,10.0,22.0,1000.0
22,49.334181454543,88.27277075023225,22.618393685042662,370.4488744184784,23.0,1000.0,6.686,5.295602326459191,1.0,32.0,23.0,1000.0,2.868,2.361900929336368,0.0,10.0,23.0,1000.0
23,66.03864811837263,111.74271887513586,22.920210238375823,370.5329502099725,24.0,1000.0,6.926,5.524900361092496,1.0,28.0,24.0,1000.0,2.95,2.4705262597268622,0.0,10.0,24.0,1000.0
24,254.08057547806447,3536.1362765189256,22.835194968366054,79178.69246538318,25.0,1000.0,6.906,5.247967606607343,1.0,28.0,25.0,1000.0,2.878,2.3115181158710394,0.0,10.0,25.0,1000.0
25,535.3705499115505,5605.14310899675,22.710753550229445,77244.51818353706,26.0,1000.0,6.818,5.431102650475316,1.0,28.0,26.0,1000.0,2.816,2.3199448269301577,0.0,10.0,26.0,1000.0
26,79.5407106049842,126.46638533634223,22.82044702726249,371.1341586532676,27.0,1000.0,7.142,5.390532070213477,1.0,28.0,27.0,1000.0,2.98,2.33914514299562,0.0,10.0,27.0,1000.0
27,1237.2035771369754,19996.25008365871,22.690308380727352,435844.7458055434,28.0,1000.0,7.366,5.719094683601592,1.0,28.0,28.0,1000.0,3.09,2.4782856978161334,0.0,10.0,28.0,1000.0
28,356.7363846315651,4274.80244840867,22.80208061713663,77232.05533745265,29.0,1000.0,7.838,5.990639031021648,1.0,36.0,29.0,1000.0,3.294,2.586032482394604,0.0,10.0,29.0,1000.0
29,880.328400974615,9233.051212289207,22.75856492037732,156302.6619005801,30.0,1000.0,7.388,5.32554748359265,1.0,36.0,30.0,1000.0,3.176,2.3893563986981934,0.0,10.0,30.0,1000.0
30,2.2760469521438586e+297,inf,22.588491313323726,1.1380234760719293e+300,31.0,1000.0,6.914,5.127046323176727,1.0,38.0,31.0,1000.0,2.944,2.3118961914411296,0.0,10.0,31.0,1000.0
31,249.30716425307955,3634.2880513775067,22.774075196434154,81379.11166457813,32.0,1000.0,6.682,4.750671110485338,1.0,32.0,32.0,1000.0,2.862,2.219674750948886,0.0,10.0,32.0,1000.0
32,338.24197877946006,4097.832576400232,22.894059129698903,71986.31616461376,33.0,1000.0,6.714,5.025953043950968,1.0,31.0,33.0,1000.0,2.81,2.248977545463716,0.0,10.0,33.0,1000.0
33,30233197647.535965,675358476320.1239,22.879843965225398,15116598787052.502,34.0,1000.0,7.15,5.634137023537855,1.0,31.0,34.0,1000.0,2.944,2.418442473990233,0.0,10.0,34.0,1000.0
34,228.15661550974434,3127.5685777029094,22.833304957823028,70027.54239801092,35.0,1000.0,7.222,5.733124453559333,1.0,31.0,35.0,1000.0,3.026,2.5189926558050937,0.0,10.0,35.0,1000.0
35,2.8163470372279735e+295,inf,22.807067612898805,1.4081735186139867e+298,36.0,1000.0,8.126,6.35123011707181,1.0,32.0,36.0,1000.0,3.39,2.7331117796387328,0.0,10.0,36.0,1000.0
36,552.7281601604565,5843.416907247098,22.649938344774903,79318.82149615046,37.0,1000.0,8.256,6.547554047123246,1.0,31.0,37.0,1000.0,3.42,2.7246284150320386,0.0,10.0,37.0,1000.0
37,1060.0370614971541,8019.819269501164,21.638299956422525,75637.54097631459,38.0,1000.0,7.674,6.1676352032201125,1.0,32.0,38.0,1000.0,3.16,2.651490147068248,0.0,10.0,38.0,1000.0
38,484.78844420930466,6071.888305883902,22.037935339412147,111937.05307246334,39.0,1000.0,7.694,5.902572659442661,1.0,30.0,39.0,1000.0,3.202,2.602536455076086,0.0,10.0,39.0,1000.0
39,793.1057303563708,6919.216887658362,21.95670082263943,76607.08720762614,40.0,1000.0,7.712,6.1871686577949365,1.0,31.0,40.0,1000.0,3.156,2.5860518169595905,0.0,10.0,40.0,1000.0
40,358.2650410979631,4005.7752619191133,21.176341507066393,68937.34152843627,41.0,1000.0,7.694,6.348886831563467,1.0,32.0,41.0,1000.0,3.104,2.559918748710591,0.0,10.0,41.0,1000.0
41,95.99549255059472,141.06161169016906,21.378383528265886,579.2365788030494,42.0,1000.0,7.86,6.52107353125235,1.0,31.0,42.0,1000.0,3.188,2.6722005912730427,0.0,10.0,42.0,1000.0
42,375.8517149077018,4576.4459994898425,21.175157195619818,78598.68969057858,43.0,1000.0,9.09,7.798839657282357,1.0,43.0,43.0,1000.0,3.44,2.7803596889611244,0.0,10.0,43.0,1000.0
43,513.255952298858,5604.457897413433,21.207683999703093,81460.52944870704,44.0,1000.0,11.192,8.759174390317845,1.0,38.0,44.0,1000.0,4.012,2.872604393229252,0.0,10.0,44.0,1000.0
44,626.2663817028024,6146.561016604375,20.857834427682604,80019.95101640321,45.0,1000.0,11.868,8.429862157829154,1.0,40.0,45.0,1000.0,4.154,2.675496963182728,0.0,10.0,45.0,1000.0
45,9660771.057517475,215782087.2120699,21.06210254611047,4829867471.88213,46.0,1000.0,13.406,8.537749352141931,1.0,40.0,46.0,1000.0,4.65,2.638086427697167,0.0,10.0,46.0,1000.0
46,550.2555285176334,7925.175015408181,19.989162405510754,161550.14461867086,47.0,1000.0,14.47,8.969788180330681,1.0,42.0,47.0,1000.0,4.92,2.646809400013533,0.0,10.0,47.0,1000.0
47,4.7113175666845245e+33,1.0524286243665622e+35,20.06362265377156,2.3556587833422623e+36,48.0,1000.0,15.468,8.992050711600776,1.0,44.0,48.0,1000.0,5.106,2.609744048752674,0.0,10.0,48.0,1000.0
48,611.3870250418754,6094.588243842199,20.137587700288442,80038.24324547507,49.0,1000.0,15.72,9.091182541341913,1.0,48.0,49.0,1000.0,5.13,2.576256974760088,0.0,10.0,49.0,1000.0
49,695.9152918648209,8823.473455324,18.942969821391966,166185.3971619422,50.0,1000.0,16.876,10.4747612860628,1.0,52.0,50.0,1000.0,5.278,2.6916010105511554,0.0,10.0,50.0,1000.0
50,516.8266044549667,5948.433131397239,18.615981229454047,82251.07599844513,51.0,1000.0,17.768,10.652801321718153,1.0,50.0,51.0,1000.0,5.472,2.64824772255165,0.0,10.0,51.0,1000.0
51,61.0419118374869,118.58677008160521,18.928390390989417,746.145771433489,52.0,1000.0,19.264,11.246968658265212,1.0,52.0,52.0,1000.0,5.854,2.7130580531938495,0.0,10.0,52.0,1000.0
52,372.629582685715,4894.84068106351,17.939657976100268,78509.60429711035,53.0,1000.0,19.88,11.44402027261399,1.0,51.0,53.0,1000.0,5.894,2.6250264760569557,0.0,10.0,53.0,1000.0
53,477.43931214573155,5373.039723284096,18.527833959837718,81192.743237598,54.0,1000.0,20.36,11.192962074446603,3.0,54.0,54.0,1000.0,5.988,2.4923595246272154,1.0,10.0,54.0,1000.0
54,2.816349652531009e+295,inf,17.86015047540403,1.4081748262655047e+298,55.0,1000.0,22.932,12.551309732454218,1.0,57.0,55.0,1000.0,6.276,2.480287080158263,0.0,10.0,55.0,1000.0
55,3.425897133092897e+253,inf,17.69880353593636,1.7129485665464485e+256,56.0,1000.0,24.128,12.608394663873748,1.0,62.0,56.0,1000.0,6.406,2.2858617630994225,0.0,10.0,56.0,1000.0
56,355.7977467619172,4739.17430572932,17.458325249283405,79847.36653638385,57.0,1000.0,25.02,13.534829145578456,1.0,66.0,57.0,1000.0,6.516,2.3241652264845545,0.0,10.0,57.0,1000.0
57,205.08916427306744,3236.3742457592316,17.513337204965584,72454.63458387967,58.0,1000.0,25.102,12.85019828640788,3.0,67.0,58.0,1000.0,6.484,2.1170129900404486,1.0,10.0,58.0,1000.0
58,3763.6376304047553,80234.17260515189,17.26617443481504,1795141.776073984,59.0,1000.0,26.16,14.27005255771681,1.0,69.0,59.0,1000.0,6.484,2.306023417053695,0.0,10.0,59.0,1000.0
59,56.02171202234736,112.85232936201989,16.9243503664535,762.3439836530298,60.0,1000.0,27.498,14.335619833128945,1.0,69.0,60.0,1000.0,6.774,2.259850437528997,0.0,10.0,60.0,1000.0
60,15816562.115651913,353284975.9206851,16.78017998315286,7907605114.751715,61.0,1000.0,28.132,14.943312082667617,1.0,71.0,61.0,1000.0,6.754,2.2417591306828664,0.0,10.0,61.0,1000.0
61,2.8163662325908866e+295,inf,16.881789923645073,1.4081831162954434e+298,62.0,1000.0,29.89,16.39334926120956,1.0,73.0,62.0,1000.0,6.906,2.235433738673549,0.0,10.0,62.0,1000.0
62,203.2821485701384,3357.1228709434185,16.825439354869232,75157.1112432646,63.0,1000.0,30.84,16.1213647065005,2.0,83.0,63.0,1000.0,7.074,2.164376122581286,1.0,10.0,63.0,1000.0
63,216.7851542188563,3619.8896501248587,16.846683671353365,81036.52668629761,64.0,1000.0,31.898,16.71178015652432,2.0,80.0,64.0,1000.0,7.13,2.163584987930911,1.0,10.0,64.0,1000.0
64,322.4250768650476,4232.800183439828,16.648215231087534,69889.51483685031,65.0,1000.0,31.25,17.26521068507419,1.0,84.0,65.0,1000.0,7.046,2.2890792908940485,0.0,10.0,65.0,1000.0
65,53.61214910242591,102.50183660230492,16.375989984556213,504.781595817881,66.0,1000.0,31.388,17.221075924575675,2.0,88.0,66.0,1000.0,7.09,2.1729933271871773,1.0,10.0,66.0,1000.0
66,2.8163326140176473e+295,inf,16.45590874025911,1.4081663070088237e+298,67.0,1000.0,32.832,18.231505039354268,2.0,87.0,67.0,1000.0,7.162,2.277664593393856,1.0,10.0,67.0,1000.0
67,337.2883373655806,4115.481420599781,16.426122895825632,71159.49134256542,68.0,1000.0,34.38,18.483495340438182,1.0,85.0,68.0,1000.0,7.356,2.1319624762176277,0.0,10.0,68.0,1000.0
68,1107.2815784120723,21370.759559555987,16.099757225860678,477059.0350225519,69.0,1000.0,35.534,19.509096442429104,2.0,93.0,69.0,1000.0,7.432,2.1366740509492788,1.0,10.0,69.0,1000.0
69,57.506463320529065,118.51754032851522,16.22630324304367,1002.1428872396201,70.0,1000.0,36.198,19.664658552845506,1.0,83.0,70.0,1000.0,7.498,2.1274388357835345,0.0,10.0,70.0,1000.0
70,1768436.527863436,39502884.2910239,16.02750889255443,884196028.9017895,71.0,1000.0,39.052,20.200230097699382,1.0,89.0,71.0,1000.0,7.76,2.04215572373901,0.0,10.0,71.0,1000.0
71,197.60284095124237,3331.6976288011047,15.960096660551132,74587.95091353345,72.0,1000.0,39.516,19.85975186149112,2.0,87.0,72.0,1000.0,7.812,2.0141141973582335,1.0,10.0,72.0,1000.0
72,352.26697551731473,4821.65557443366,16.12751951292637,77833.93818263571,73.0,1000.0,40.15,20.57103546251379,2.0,87.0,73.0,1000.0,7.848,2.0796384301123116,1.0,10.0,73.0,1000.0
73,93658976.12605283,2092178821.9336333,15.923864330907978,46829393690.00524,74.0,1000.0,41.012,19.365635956508118,1.0,87.0,74.0,1000.0,7.97,1.9832044776068858,0.0,10.0,74.0,1000.0
74,157.87447710991552,2554.0045257115426,16.032247894884577,57171.3428740985,75.0,1000.0,41.062,18.89524162322356,2.0,83.0,75.0,1000.0,7.97,1.9992748685460937,1.0,10.0,75.0,1000.0
75,617.3197257577568,6399.371497239981,15.916630101554935,79706.11576751097,76.0,1000.0,40.248,17.5636697759893,3.0,83.0,76.0,1000.0,7.998,1.8989460234561697,1.0,10.0,76.0,1000.0
76,51.711849400326436,111.5096311784307,15.729117707647221,741.664809583043,77.0,1000.0,40.764,17.31162337852808,5.0,80.0,77.0,1000.0,8.112,1.896168768859987,2.0,10.0,77.0,1000.0
77,182.11484977496363,2924.782251080511,15.828315743575223,65465.35341687605,78.0,1000.0,40.748,16.596882116831463,3.0,77.0,78.0,1000.0,8.178,1.9673118715648519,1.0,10.0,78.0,1000.0
78,477.9999115875552,5471.55516931693,15.76866269719798,79627.21485923867,79.0,1000.0,40.096,14.559903296382156,1.0,75.0,79.0,1000.0,8.216,1.800373294625312,0.0,10.0,79.0,1000.0
79,313.752238034273,4256.890104592267,15.823564352975518,77466.60437895414,80.0,1000.0,39.736,14.082127112052355,2.0,75.0,80.0,1000.0,8.238,1.7622020315502989,1.0,10.0,80.0,1000.0
80,5.947631226714144e+120,1.3286001763993418e+122,15.968360444944421,2.9738156133570717e+123,81.0,1000.0,38.546,14.936394611819816,3.0,76.0,81.0,1000.0,7.952,1.8766182350174476,1.0,10.0,81.0,1000.0
81,215.0860970452025,3654.7470180043024,15.779218352767385,81822.38363617152,82.0,1000.0,37.35,14.17291430863815,3.0,78.0,82.0,1000.0,7.812,1.7597317977464633,2.0,10.0,82.0,1000.0
82,56300.768582322686,1195440.3958789466,15.79768376866013,26728395.52972973,83.0,1000.0,35.192,14.478229726040404,1.0,78.0,83.0,1000.0,7.404,1.9608120766661958,0.0,10.0,83.0,1000.0
83,46.02744332060328,94.35035710810901,15.928685889946538,740.3366150038667,84.0,1000.0,35.412,14.273270683343744,2.0,72.0,84.0,1000.0,7.392,1.8161321537817672,1.0,10.0,84.0,1000.0
84,525.8000903775261,7946.297663485465,15.966357614399941,162741.99199194965,85.0,1000.0,34.58,13.727767480548321,1.0,66.0,85.0,1000.0,7.276,1.8054982691766834,0.0,10.0,85.0,1000.0
85,1625.2616439511028,28511.98028912343,15.95870429800207,628927.8494025987,86.0,1000.0,35.05,14.49701693452829,1.0,72.0,86.0,1000.0,7.292,1.859767727432649,0.0,10.0,86.0,1000.0
86,663.5702705212851,6751.046051840928,15.886551320971247,81923.97236602189,87.0,1000.0,36.066,13.95756583362586,1.0,73.0,87.0,1000.0,7.524,1.756537503157846,0.0,10.0,87.0,1000.0
87,751.2686745751167,15573.612787794063,15.948902296269294,348629.2459921798,88.0,1000.0,36.25,14.218280486753663,1.0,74.0,88.0,1000.0,7.486,1.8476482349191905,0.0,10.0,88.0,1000.0
88,10029132.002580386,224029377.722678,15.888166168280126,5014466350.558106,89.0,1000.0,34.342,13.147966991135931,1.0,70.0,89.0,1000.0,7.308,1.8647080200395987,0.0,10.0,89.0,1000.0
89,53.932935771067434,110.12023656924302,15.899879953922273,834.6838601394269,90.0,1000.0,35.23,12.841382324344991,1.0,68.0,90.0,1000.0,7.434,1.760012499955611,0.0,10.0,90.0,1000.0
90,46.908406068443085,94.65360299130913,15.670928882279835,746.5172265996189,91.0,1000.0,33.772,13.037024813967335,1.0,76.0,91.0,1000.0,7.348,1.8283588269264872,0.0,10.0,91.0,1000.0
91,366.0312517384542,4893.24871935353,15.77127221913794,78608.31470861961,92.0,1000.0,34.05,13.605715710685711,1.0,80.0,92.0,1000.0,7.284,1.9098020839867151,0.0,10.0,92.0,1000.0
92,465.0066737211373,5300.114397226022,15.664519378532123,81536.52535391325,93.0,1000.0,34.582,13.922473774441093,1.0,84.0,93.0,1000.0,7.314,1.8940443500615292,0.0,10.0,93.0,1000.0
93,676.7916251254915,6837.037182001083,15.697199187609032,77778.83509636178,94.0,1000.0,33.55,12.85812972403063,1.0,84.0,94.0,1000.0,7.2,1.839565166010707,0.0,10.0,94.0,1000.0
94,50.66367821406171,100.92472101757981,15.780815989374362,799.1576123113796,95.0,1000.0,33.976,13.367401542558673,3.0,84.0,95.0,1000.0,7.21,1.834638929053889,1.0,10.0,95.0,1000.0
95,341.94580183679057,4510.46001927973,15.582344497970887,77648.86807434508,96.0,1000.0,33.406,14.047674683021386,1.0,86.0,96.0,1000.0,7.09,1.8809306207300682,0.0,10.0,96.0,1000.0
96,624.2271423607532,6482.974954025921,15.686687413984473,81277.24380002671,97.0,1000.0,34.856,13.252141864619471,1.0,87.0,97.0,1000.0,7.27,1.7700564962734946,0.0,10.0,97.0,1000.0
97,57294.51447130204,1275312.9326772685,15.622008123231945,28545522.317999914,98.0,1000.0,34.54,13.229829930879687,3.0,87.0,98.0,1000.0,7.228,1.726272284432557,1.0,10.0,98.0,1000.0
98,206.07717942088826,3462.3501989457973,15.66962481920188,77513.35535301908,99.0,1000.0,35.808,12.91507398352793,3.0,84.0,99.0,1000.0,7.418,1.7387570273042752,1.0,10.0,99.0,1000.0
99,196.5535073769911,3087.2441293703905,15.502342658827905,68980.23373425988,100.0,1000.0,34.778,13.112616672502861,1.0,77.0,100.0,1000.0,7.384,1.8167399373603257,0.0,10.0,100.0,1000.0
100,113444.69919973925,2527035.816219662,15.715579387678607,56563071.22439303,101.0,1000.0,34.596,13.233774367125957,4.0,71.0,101.0,1000.0,7.396,1.8371673848618149,2.0,10.0,101.0,1000.0
101,30234848269.431858,675395345670.9568,15.73899377709067,15117424036585.512,102.0,1000.0,35.608,13.406205130461043,1.0,73.0,102.0,1000.0,7.546,1.8449617882221843,0.0,10.0,102.0,1000.0
102,5.817873239957635e+120,1.2996144377880447e+122,15.606710839422693,2.908936619978818e+123,103.0,1000.0,35.956,12.613883779391658,1.0,75.0,103.0,1000.0,7.676,1.786343751913388,0.0,10.0,103.0,1000.0
103,342.9333812000572,4516.5279563859185,15.727563230851333,77594.25887928634,104.0,1000.0,35.602,13.17146901450252,1.0,72.0,104.0,1000.0,7.634,1.8783088138003292,0.0,10.0,104.0,1000.0
104,6.692651015291605e+129,1.495024990715185e+131,15.696800479686818,3.346325507645803e+132,105.0,1000.0,34.402,12.397273732559107,3.0,72.0,105.0,1000.0,7.502,1.7406883695825626,2.0,10.0,105.0,1000.0
105,169.4075151351238,2546.518898181653,15.624973932941499,56993.97691587034,106.0,1000.0,33.968,14.328257954126872,1.0,72.0,106.0,1000.0,7.388,1.9579213467348477,0.0,10.0,106.0,1000.0
106,215.0709746491374,3493.632189028847,15.750226740593728,78180.40583381962,107.0,1000.0,33.336,13.300342251235492,3.0,71.0,107.0,1000.0,7.416,1.8425373808962466,1.0,10.0,107.0,1000.0
107,451.0616194869592,6334.61241436878,15.578683424367881,121426.39746061868,108.0,1000.0,33.818,14.107334120945744,1.0,76.0,108.0,1000.0,7.464,1.9679186975075977,0.0,10.0,108.0,1000.0
108,362.12950846730195,4729.76710366451,15.589615023890692,80233.4786024672,109.0,1000.0,33.958,14.445907240460878,1.0,75.0,109.0,1000.0,7.466,2.017137575873297,0.0,10.0,109.0,1000.0
109,213.2689153159992,3407.5816655905023,15.701071452891807,76266.22242655761,110.0,1000.0,34.376,13.5831742976375,1.0,75.0,110.0,1000.0,7.484,1.9051887045644584,0.0,10.0,110.0,1000.0
110,411.7414422140723,7946.459143652067,15.797674425501773,177904.355354398,111.0,1000.0,34.072,13.93954145587293,3.0,75.0,111.0,1000.0,7.336,1.9470757561019552,1.0,10.0,111.0,1000.0
111,1524.7392595460856,23863.453130326172,15.771333054118617,519953.5913349588,112.0,1000.0,34.084,13.382561189847031,1.0,77.0,112.0,1000.0,7.406,1.9352426204484026,0.0,10.0,112.0,1000.0
112,68.63835071082838,143.99589588348854,15.758032996653302,1265.9077333224468,113.0,1000.0,34.764,13.196374653669091,1.0,77.0,113.0,1000.0,7.612,1.9270329524945857,0.0,10.0,113.0,1000.0
113,64.6385247149715,134.28547944972837,15.625199508727555,750.9335891524446,114.0,1000.0,34.858,14.236215648830274,2.0,79.0,114.0,1000.0,7.52,2.0262280227062304,1.0,10.0,114.0,1000.0
114,186.24234668990104,2570.350606650692,15.770380822652037,57509.932672952855,115.0,1000.0,35.16,14.330750154824416,3.0,77.0,115.0,1000.0,7.57,2.045751695587712,1.0,10.0,115.0,1000.0
115,62.1739401059494,131.03226449275022,15.427829835106296,786.0578663499721,116.0,1000.0,36.016,14.2553759683847,1.0,77.0,116.0,1000.0,7.648,1.96063663130117,0.0,10.0,116.0,1000.0
116,348.3799179953886,4450.507252798322,15.67901864132723,81859.18581196453,117.0,1000.0,35.378,13.466963874608114,1.0,73.0,117.0,1000.0,7.632,1.898572095022994,0.0,10.0,117.0,1000.0
117,2253.1980133820834,42822.47467157886,15.681105092925652,953523.1447766863,118.0,1000.0,34.646,13.566896623767722,1.0,74.0,118.0,1000.0,7.478,1.9208112869306033,0.0,10.0,118.0,1000.0
118,68.18700977841439,152.39895322949127,15.607078952005349,1118.5757622356966,119.0,1000.0,35.62,13.209224049882717,2.0,73.0,119.0,1000.0,7.706,1.8263526494081037,1.0,10.0,119.0,1000.0
119,48.17931812286178,99.72673246883323,15.428998162675587,740.0724630538854,120.0,1000.0,36.386,14.183405937926192,1.0,77.0,120.0,1000.0,7.89,1.9844142712649495,0.0,10.0,120.0,1000.0
120,306.9171076288203,4137.4914637251695,15.635762847316041,65828.72974446176,121.0,1000.0,36.532,14.375012208690467,2.0,83.0,121.0,1000.0,7.92,1.9425756098540927,1.0,10.0,121.0,1000.0
121,1.812999703944798e+299,inf,15.423898442268419,9.06499851972399e+301,122.0,1000.0,36.986,14.556297743588512,1.0,83.0,122.0,1000.0,7.944,1.898647939982555,0.0,10.0,122.0,1000.0
122,1.311414141747517e+298,inf,15.671802812614777,6.557070708737585e+300,123.0,1000.0,36.984,14.524591009732426,2.0,83.0,123.0,1000.0,7.912,1.9565929571579266,1.0,10.0,123.0,1000.0
123,478842.2168949789,10689141.343751755,15.731880331942792,239256152.99327275,124.0,1000.0,36.682,15.29852528840607,1.0,83.0,124.0,1000.0,7.81,2.0074610830598933,0.0,10.0,124.0,1000.0
124,198.91084882215708,3099.794689110606,15.400660456250508,69380.0434768744,125.0,1000.0,37.316,16.128240573602564,3.0,85.0,125.0,1000.0,7.892,2.065995159723275,1.0,10.0,125.0,1000.0
125,1.6274431666454537e+299,inf,15.556355121542211,8.137215833227268e+301,126.0,1000.0,35.728,16.2831819986144,1.0,85.0,126.0,1000.0,7.648,2.140115884712788,0.0,10.0,126.0,1000.0
126,4.697624153372324e+116,1.0493697475383573e+118,15.655434792518369,2.348812076686162e+119,127.0,1000.0,37.696,16.946137731058368,3.0,92.0,127.0,1000.0,7.918,1.981735602950101,1.0,10.0,127.0,1000.0
127,68.59206247490009,148.37955503237356,15.506052803003957,1138.5152350129442,128.0,1000.0,37.16,18.01994450601888,2.0,89.0,128.0,1000.0,7.784,2.0261648501541036,1.0,10.0,128.0,1000.0
128,123.11049361874073,1540.5269526551301,15.434455459101452,34439.514078569446,129.0,1000.0,38.626,19.212134811103112,1.0,89.0,129.0,1000.0,7.912,2.0794845515175147,0.0,10.0,129.0,1000.0
129,50.58744017910138,107.4594409545071,15.468416157295463,738.6868301687961,130.0,1000.0,38.734,19.825620898221572,4.0,89.0,130.0,1000.0,7.974,2.08550329656896,2.0,10.0,130.0,1000.0
130,222.64068826664257,3615.790950452485,15.457788856325179,80943.23940465337,131.0,1000.0,40.914,21.791525967678353,3.0,89.0,131.0,1000.0,8.074,2.1110480809304177,1.0,10.0,131.0,1000.0
131,504.4620595783753,5768.9634115688295,15.501025371845008,75361.2545139162,132.0,1000.0,42.022,23.204256419889862,1.0,91.0,132.0,1000.0,8.17,2.2201576520598714,0.0,10.0,132.0,1000.0
132,643.8892504686463,6621.882624212333,15.622848092451369,79666.6487982689,133.0,1000.0,43.022,24.156935153284657,1.0,96.0,133.0,1000.0,8.174,2.1761718682126188,0.0,10.0,133.0,1000.0
133,46.98942463866809,103.58460390809202,15.500044945760363,782.053807030029,134.0,1000.0,44.766,24.928121549767845,1.0,113.0,134.0,1000.0,8.256,2.140669054291205,0.0,10.0,134.0,1000.0
134,220.19654830129804,3639.8722962523084,15.486650771862564,81475.11072302506,135.0,1000.0,46.59,24.71157421128812,1.0,98.0,135.0,1000.0,8.396,1.9997959895949386,0.0,10.0,135.0,1000.0
135,225.6418357404643,3681.4152428093257,15.336032461461986,82406.93333857691,136.0,1000.0,46.654,23.842698756642463,3.0,98.0,136.0,1000.0,8.396,1.967532464789336,1.0,10.0,136.0,1000.0
136,143.65848759050579,1841.887045578295,15.388488582704856,41121.23452774444,137.0,1000.0,47.442,23.606749797462587,1.0,102.0,137.0,1000.0,8.504,1.9104931300583101,0.0,10.0,137.0,1000.0
137,61.49918053196248,139.59607084755382,15.49150032669423,1582.7195704343512,138.0,1000.0,48.588,23.47105144640947,1.0,102.0,138.0,1000.0,8.554,1.9429575394228253,0.0,10.0,138.0,1000.0
138,436522.31494680466,9746695.253480412,15.386294723466031,218161189.88810304,139.0,1000.0,50.23,22.67088661698082,1.0,104.0,139.0,1000.0,8.676,1.7026520490106016,0.0,10.0,139.0,1000.0
139,227.636965632299,3535.649646949626,15.382247037562362,79101.63797615208,140.0,1000.0,51.376,22.511477605879183,5.0,104.0,140.0,1000.0,8.682,1.628765176445027,2.0,10.0,140.0,1000.0
140,1.550251542281493e+146,3.462999627965224e+147,15.372564520788032,7.751257711407465e+148,141.0,1000.0,52.586,22.8580533729362,4.0,104.0,141.0,1000.0,8.842,1.535264146653598,2.0,10.0,141.0,1000.0
141,214.06415391746594,3683.2584367058403,15.147210508213341,82449.41783702682,142.0,1000.0,53.382,23.56616379472909,5.0,109.0,142.0,1000.0,8.778,1.617626656555832,2.0,10.0,142.0,1000.0
142,201.8698993508302,3378.7566884805133,15.262786811357216,75634.02625920407,143.0,1000.0,54.408,22.69302835674428,1.0,108.0,143.0,1000.0,8.79,1.4959612294441322,0.0,10.0,143.0,1000.0
143,inf,,15.061281517632722,inf,144.0,1000.0,56.828,24.27843520493032,1.0,108.0,144.0,1000.0,8.836,1.4370469720924226,0.0,10.0,144.0,1000.0
144,4.584645561633769e+280,inf,15.167342514808553,2.2923227808168844e+283,145.0,1000.0,59.07,24.909779204159957,2.0,107.0,145.0,1000.0,8.944,1.4017360664547374,1.0,10.0,145.0,1000.0
145,7.8022842196179985e+146,1.7428982724991815e+148,15.049642800560822,3.9011421098089994e+149,146.0,1000.0,60.218,25.138466062988012,3.0,108.0,146.0,1000.0,8.976,1.4069200403718756,1.0,10.0,146.0,1000.0
146,74.69181310029361,225.26392412293248,15.200732827093352,2993.7167351514418,147.0,1000.0,61.954,25.6607849451259,1.0,108.0,147.0,1000.0,8.984,1.3637243123153593,0.0,10.0,147.0,1000.0
147,56.0364641448237,115.8924578983481,14.815033785187438,1143.7064767139793,148.0,1000.0,61.01,24.513626822647034,11.0,109.0,148.0,1000.0,9.03,1.2510395677195827,3.0,10.0,148.0,1000.0
148,1.2555312556796524e+16,2.8046443771108563e+17,15.092636605741339,6.27765627818194e+18,149.0,1000.0,60.508,25.302528253121267,1.0,109.0,149.0,1000.0,8.892,1.5787134002091705,0.0,10.0,149.0,1000.0
149,443773.2020506983,9911780.718045412,14.83572838812791,221856182.71911418,150.0,1000.0,61.9,24.53572904969404,1.0,111.0,150.0,1000.0,8.922,1.5530344490705927,0.0,10.0,150.0,1000.0
150,9633348.071668794,215187860.4285292,15.152892867991726,4816566030.787955,151.0,1000.0,62.082,24.53094527326658,1.0,111.0,151.0,1000.0,8.994,1.4919664875592882,0.0,10.0,151.0,1000.0
151,2.515551763761519e+266,inf,14.949880336245247,1.2577758818807595e+269,152.0,1000.0,61.062,22.405761669713442,1.0,113.0,152.0,1000.0,9.048,1.4105658439080395,0.0,10.0,152.0,1000.0
152,8.888090494070449e+252,inf,15.150643264241586,4.444045247035224e+255,153.0,1000.0,61.082,20.327598874436696,2.0,113.0,153.0,1000.0,9.154,1.2954860091872855,1.0,10.0,153.0,1000.0
153,61.96603153917669,165.86823249043192,15.042185824413606,2355.7057866032287,154.0,1000.0,60.998,20.48457946846847,3.0,111.0,154.0,1000.0,9.22,1.1931470990619724,1.0,10.0,154.0,1000.0
154,1237811.4150976648,20403984.17281768,15.104005621313165,403324968.0727343,155.0,1000.0,60.184,20.67070738992742,4.0,110.0,155.0,1000.0,9.172,1.3032329032064838,2.0,10.0,155.0,1000.0
155,156358.99291699237,2488049.6544861123,14.854949628852182,45471600.58579235,156.0,1000.0,60.182,19.449238442674307,2.0,110.0,156.0,1000.0,9.242,1.3738398742211553,1.0,10.0,156.0,1000.0
156,1.9840174535585414e+248,inf,15.097940138685047,9.920087267792708e+250,157.0,1000.0,58.124,18.506015886732616,3.0,105.0,157.0,1000.0,9.24,1.2642784503423288,1.0,10.0,157.0,1000.0
157,424118.2939727825,9472931.530052809,14.992761027011397,212033379.54961044,158.0,1000.0,55.782,18.587804496497156,1.0,107.0,158.0,1000.0,9.19,1.3482952198980755,0.0,10.0,158.0,1000.0
158,2.2478836258660843e+297,inf,14.917391615436829,1.1239418129330422e+300,159.0,1000.0,55.284,17.620083541232148,2.0,107.0,159.0,1000.0,9.276,1.2774286672844006,1.0,10.0,159.0,1000.0
159,1.726813231011748e+299,inf,14.651187599240574,8.63406615505874e+301,160.0,1000.0,55.056,16.106298892048414,1.0,102.0,160.0,1000.0,9.318,1.1716979132865262,0.0,10.0,160.0,1000.0
160,6.959084405989872e+239,inf,14.794426423810396,3.479542202994936e+242,161.0,1000.0,48.59,15.736133578487442,1.0,100.0,161.0,1000.0,8.98,1.656381598545456,0.0,10.0,161.0,1000.0
161,30242738394.16146,675571556402.3115,14.664200517622426,15121368176283.156,162.0,1000.0,48.066,15.574904301471646,1.0,100.0,162.0,1000.0,9.018,1.6117307467440087,0.0,10.0,162.0,1000.0
162,1105.9919556771333,23539.655375400034,14.307226142266776,526936.5537188355,163.0,1000.0,47.12,14.988448885725301,1.0,99.0,163.0,1000.0,9.046,1.584892425371514,0.0,10.0,163.0,1000.0
163,2.2478837701386567e+297,inf,14.257649605033459,1.1239418850693284e+300,164.0,1000.0,47.368,14.502295542430515,2.0,99.0,164.0,1000.0,9.154,1.477255563536655,1.0,10.0,164.0,1000.0
164,inf,,14.607426317420932,inf,165.0,1000.0,44.726,13.291460566845167,1.0,82.0,165.0,1000.0,9.17,1.4550257729676128,0.0,10.0,165.0,1000.0
165,4.85037713449444e+248,inf,14.475173450466926,2.42518856724722e+251,166.0,1000.0,44.592,13.648352867654031,1.0,85.0,166.0,1000.0,9.11,1.558813651467038,0.0,10.0,166.0,1000.0
166,438109.73224260396,9632536.11100573,14.332633159458378,215604783.98640305,167.0,1000.0,44.08,14.006055833103051,1.0,86.0,167.0,1000.0,9.062,1.6267009559227537,0.0,10.0,167.0,1000.0
167,15461017.413065558,345200786.1545013,14.330871592192535,7726662234.403438,168.0,1000.0,43.992,14.003140219250822,4.0,87.0,168.0,1000.0,9.046,1.5504463873349508,2.0,10.0,168.0,1000.0
168,1.2482228093687828e+241,inf,14.428799494754662,3.1205570399748477e+243,169.0,1000.0,43.456,13.219230839954342,3.0,86.0,169.0,1000.0,9.084,1.4849053841911948,2.0,10.0,169.0,1000.0
169,1498.1486248125027,29068.41029108289,14.324032992898571,646208.7762770625,170.0,1000.0,42.498,13.865280235177362,2.0,91.0,170.0,1000.0,9.03,1.6435023577713541,1.0,10.0,170.0,1000.0
170,2912.4339379544776,42001.750831709236,14.161983744837627,820358.6086971692,171.0,1000.0,41.686,14.22376194963906,3.0,95.0,171.0,1000.0,8.964,1.5667495013562314,1.0,10.0,171.0,1000.0
171,5.5886739291978994e+287,inf,14.11001953557305,2.7943369645989496e+290,172.0,1000.0,40.574,13.125567568680601,1.0,87.0,172.0,1000.0,8.958,1.572334569994567,0.0,10.0,172.0,1000.0
172,8885.51088287261,88492.85690863039,14.14184516457719,1046926.592264476,173.0,1000.0,40.498,14.340641408249493,1.0,78.0,173.0,1000.0,8.716,1.816409645426934,0.0,10.0,173.0,1000.0
173,1.9840174535585407e+248,inf,14.015416501387572,9.920087267792704e+250,174.0,1000.0,41.404,14.469995991706424,2.0,80.0,174.0,1000.0,8.838,1.6684591694135043,1.0,10.0,174.0,1000.0
174,2.816332646916107e+295,inf,13.938437094673564,1.4081663234580535e+298,175.0,1000.0,40.018,14.196819221219942,1.0,80.0,175.0,1000.0,8.648,1.850431301075509,0.0,10.0,175.0,1000.0
175,2.830022671956073e+295,inf,13.725819902365645,1.4150113359780365e+298,176.0,1000.0,40.994,14.641378487014125,3.0,82.0,176.0,1000.0,8.736,1.813919513098638,2.0,10.0,176.0,1000.0
176,6383.5788162802955,81072.07982479446,13.816652540602137,1235701.021062407,177.0,1000.0,41.344,15.605565161185288,1.0,82.0,177.0,1000.0,8.742,1.937894733983247,0.0,10.0,177.0,1000.0
177,10036980.595529236,224061118.63008237,13.68253325444279,5015182926.684316,178.0,1000.0,42.394,16.128693809481288,1.0,82.0,178.0,1000.0,8.89,1.8947031429751733,0.0,10.0,178.0,1000.0
178,32091.17989722318,550329.7565351813,13.676118434812182,12240539.391956568,179.0,1000.0,43.668,17.735325652493668,1.0,86.0,179.0,1000.0,8.892,1.9840201611878847,0.0,10.0,179.0,1000.0
179,2.816348018031272e+295,inf,13.785798624010347,1.408174009015636e+298,180.0,1000.0,44.29,18.097676646464873,2.0,88.0,180.0,1000.0,9.032,1.8163083438667564,1.0,10.0,180.0,1000.0
180,9214.881876715715,91667.20347606782,13.703910830301382,1060284.1840785944,181.0,1000.0,45.104,19.52191547978835,2.0,89.0,181.0,1000.0,8.93,1.8764594320155181,1.0,10.0,181.0,1000.0
181,2332.130641953063,48240.60591736151,13.786593385275827,1077956.0329668545,182.0,1000.0,46.416,19.302511339201438,6.0,90.0,182.0,1000.0,9.028,1.638052502211086,3.0,10.0,182.0,1000.0
182,8715.995151859612,86559.70536086513,13.62659133235941,1272970.3208575344,183.0,1000.0,46.996,20.467828023510457,1.0,96.0,183.0,1000.0,8.962,1.757428803678829,0.0,10.0,183.0,1000.0
183,3693.8831604516276,42210.063231008775,13.649588373878082,665997.4857704843,184.0,1000.0,47.298,20.96552398582015,1.0,89.0,184.0,1000.0,8.912,1.8111477024251779,0.0,10.0,184.0,1000.0
184,7776.231629621347,78231.6181968785,13.584840978404868,1063763.9468866398,185.0,1000.0,48.288,19.41012766573162,2.0,93.0,185.0,1000.0,9.112,1.6295569950142892,1.0,10.0,185.0,1000.0
185,1298.9938236601415,21666.63263979804,13.64561631882247,459243.96536346525,186.0,1000.0,48.916,18.68777525549791,1.0,91.0,186.0,1000.0,9.224,1.4525233216716351,0.0,10.0,186.0,1000.0
186,19665994.355697066,310330641.66951984,13.734791696408003,5010114406.326958,187.0,1000.0,48.018,19.796506661529957,1.0,93.0,187.0,1000.0,9.088,1.7263417969799608,0.0,10.0,187.0,1000.0
187,2.1624531380438307e+19,4.830554402492088e+20,13.603925363347173,1.0812265690219153e+22,188.0,1000.0,47.758,19.931167452008424,1.0,95.0,188.0,1000.0,9.162,1.6210354715428037,0.0,10.0,188.0,1000.0
188,1.3154286683410446e+296,inf,13.663590750090153,6.577143341705223e+298,189.0,1000.0,49.404,19.90278332294255,7.0,97.0,189.0,1000.0,9.282,1.4907971022241757,3.0,10.0,189.0,1000.0
189,5509.243632811827,62477.095455085786,13.493440152205087,943650.7563140352,190.0,1000.0,51.178,19.728515301461485,1.0,101.0,190.0,1000.0,9.446,1.3693370658826116,0.0,10.0,190.0,1000.0
190,9292.720085271074,84245.63649239892,13.518681566355129,1049937.007888737,191.0,1000.0,51.854,18.27677991332171,2.0,97.0,191.0,1000.0,9.53,1.24623432788541,1.0,10.0,191.0,1000.0
191,6.626502949221472e+232,inf,13.412729590816982,3.313251474610736e+235,192.0,1000.0,52.102,18.43604068123088,5.0,97.0,192.0,1000.0,9.56,1.1808471535300409,2.0,10.0,192.0,1000.0
192,1582.5229950457667,31983.175945737847,13.39640861855591,713838.9669266364,193.0,1000.0,52.72,18.03501039644835,12.0,101.0,193.0,1000.0,9.53,1.1511298797268708,4.0,10.0,193.0,1000.0
193,1.9840173911474008e+248,inf,13.372486118404035,9.920086955737004e+250,194.0,1000.0,51.782,19.05346362213443,11.0,98.0,194.0,1000.0,9.362,1.3531282274788299,4.0,10.0,194.0,1000.0
194,6158.950760559173,69196.71287331244,13.572615426803269,1060545.1005888605,195.0,1000.0,51.168,19.067872875598894,3.0,98.0,195.0,1000.0,9.286,1.534993159593879,2.0,10.0,195.0,1000.0
195,461569.72793194046,10126302.41398117,13.394510401532328,226660617.4511419,196.0,1000.0,50.348,18.894520263822525,3.0,99.0,196.0,1000.0,9.228,1.5786120486047228,2.0,10.0,196.0,1000.0
196,1.8800031260035616e+244,inf,13.50565625739481,9.400015630017809e+246,197.0,1000.0,50.3,18.477066866794633,3.0,98.0,197.0,1000.0,9.224,1.637627552284096,1.0,10.0,197.0,1000.0
197,7668.240289206316,77877.12685057145,13.55078026212544,1156530.068703428,198.0,1000.0,50.04,18.39191126555367,2.0,98.0,198.0,1000.0,9.238,1.6202950348624783,1.0,10.0,198.0,1000.0
198,4638.722311703441,54449.19857375527,13.518021534887758,931663.4756146949,199.0,1000.0,50.916,18.79906763645474,2.0,90.0,199.0,1000.0,9.234,1.6610972277383405,1.0,10.0,199.0,1000.0
199,5635.484736681531,64561.38045438043,13.447979878971987,1035963.821681377,200.0,1000.0,53.542,17.43892875150306,10.0,87.0,200.0,1000.0,9.424,1.4128779140463623,4.0,10.0,200.0,1000.0
200,3145.303666520705,42627.8186488948,13.459074273980205,777456.2496658971,201.0,1000.0,55.494,16.591864391924133,3.0,94.0,201.0,1000.0,9.566,1.2270468613708279,1.0,10.0,201.0,1000.0
201,20369.448825933196,300027.08749119175,13.484458877135454,6537440.93023942,202.0,1000.0,53.758,17.058471092099666,1.0,88.0,202.0,1000.0,9.492,1.4063911262518687,0.0,10.0,202.0,1000.0
202,1.7040541276147693e+299,inf,13.5231049699362,8.520270638073846e+301,203.0,1000.0,53.66,16.609286559030764,6.0,88.0,203.0,1000.0,9.472,1.3918390711572943,2.0,10.0,203.0,1000.0
203,2.515551763761519e+266,inf,13.476857801903357,1.2577758818807595e+269,204.0,1000.0,52.74,16.35971882398961,1.0,89.0,204.0,1000.0,9.532,1.3773075183124501,0.0,10.0,204.0,1000.0
204,2.2477468726304592e+297,inf,13.524341147152208,1.1238734348267654e+300,205.0,1000.0,54.162,17.498792986946274,6.0,92.0,205.0,1000.0,9.496,1.3849129936570022,3.0,10.0,205.0,1000.0
205,4242.8035404245275,43647.78566807436,13.386252431431414,615970.9246047927,206.0,1000.0,53.622,17.476473214009744,4.0,92.0,206.0,1000.0,9.476,1.4891017426623339,2.0,10.0,206.0,1000.0
206,739252788.8852497,16513477748.923931,13.489219709770662,369622403300.8009,207.0,1000.0,53.508,16.595358869274264,3.0,95.0,207.0,1000.0,9.532,1.450853541884914,1.0,10.0,207.0,1000.0
207,4483.613150147625,56727.9162750324,13.149468665181102,960578.046929331,208.0,1000.0,53.556,16.32332270096992,1.0,88.0,208.0,1000.0,9.546,1.4504771628674475,0.0,10.0,208.0,1000.0
208,3390.889089157966,55353.91352148299,13.422941698046722,1118522.071790296,209.0,1000.0,52.86,18.127338469836108,1.0,97.0,209.0,1000.0,9.462,1.58888514374073,0.0,10.0,209.0,1000.0
209,4.8542796570989094e+271,inf,13.471915532211215,2.4271398285494545e+274,210.0,1000.0,51.592,17.58367242643015,3.0,95.0,210.0,1000.0,9.46,1.4941218156495808,2.0,10.0,210.0,1000.0
210,1.7492906982659932e+299,inf,13.574930410917645,8.634066147847214e+301,211.0,1000.0,52.874,17.729019262215267,1.0,95.0,211.0,1000.0,9.562,1.529103005032689,0.0,10.0,211.0,1000.0
211,4.924960749361575e+287,inf,13.166130824630217,2.4624803746807874e+290,212.0,1000.0,53.458,16.755304712239642,6.0,93.0,212.0,1000.0,9.612,1.2905254743708081,2.0,10.0,212.0,1000.0
212,1599.9115520787661,34653.97947060911,13.498590131684402,775707.3445268605,213.0,1000.0,52.63,16.390884661908885,11.0,92.0,213.0,1000.0,9.6,1.2247448713915892,4.0,10.0,213.0,1000.0
213,5248.664697742946,67747.32649869582,13.279556595542566,1052248.5277779514,214.0,1000.0,52.244,17.540708765611498,3.0,94.0,214.0,1000.0,9.542,1.3023962530658635,1.0,10.0,214.0,1000.0
214,4533.7211493021,66109.50316036085,13.4453645469956,1071877.752469342,215.0,1000.0,49.828,18.553447550253296,1.0,94.0,215.0,1000.0,9.366,1.6923486638396947,0.0,10.0,215.0,1000.0
215,9487.853577109672,85380.97444545204,13.516602099161773,966782.8300036071,216.0,1000.0,51.226,17.969722424122192,2.0,92.0,216.0,1000.0,9.526,1.4399041634775558,1.0,10.0,216.0,1000.0
216,3897.4749670943606,53733.086788043096,13.459253211828441,988335.3072538053,217.0,1000.0,49.08,18.449541999735384,1.0,92.0,217.0,1000.0,9.334,1.6536154329226609,0.0,10.0,217.0,1000.0
217,5210.283600956901,50087.1723653728,13.540599287863266,683334.203504721,218.0,1000.0,50.79,19.18264580291259,1.0,94.0,218.0,1000.0,9.38,1.5873247934811578,0.0,10.0,218.0,1000.0
218,415142.2262509699,9139131.675188392,13.433748209968426,204563133.66114607,219.0,1000.0,51.06,19.226450530454134,1.0,95.0,219.0,1000.0,9.308,1.6604625861488118,0.0,10.0,219.0,1000.0
219,7.436182803635056e+295,inf,13.492309095901971,3.718091401817528e+298,220.0,1000.0,51.492,18.64848347721605,1.0,95.0,220.0,1000.0,9.404,1.5377854206618036,0.0,10.0,220.0,1000.0
220,1.9840173841883165e+248,inf,13.281826350100529,9.920086920941582e+250,221.0,1000.0,49.096,17.581319176899097,2.0,93.0,221.0,1000.0,9.308,1.577699591176977,1.0,10.0,221.0,1000.0
221,60114.09184055228,1255285.4391168996,13.42076592805697,28070828.107211154,222.0,1000.0,47.686,19.723676229344264,2.0,99.0,222.0,1000.0,9.016,1.9574840995522798,1.0,10.0,222.0,1000.0
222,519754.08414861746,11523847.672692247,13.40140947208921,257941216.65077904,223.0,1000.0,47.818,20.908870749038552,2.0,99.0,223.0,1000.0,8.9,2.0420577856662137,1.0,10.0,223.0,1000.0
223,10014026.66862973,223534052.69886494,13.182113277619802,5003386261.5261,224.0,1000.0,48.63,19.10437384475084,1.0,96.0,224.0,1000.0,9.158,1.7779302573498208,0.0,10.0,224.0,1000.0
224,4253.891522822312,59503.10077289406,13.400855838263386,1066672.3775057176,225.0,1000.0,47.67,18.65146374952915,1.0,96.0,225.0,1000.0,9.14,1.8645106596638161,0.0,10.0,225.0,1000.0
225,10081.081977157939,150562.28059082013,13.320288452787157,3220440.1870067134,226.0,1000.0,49.912,16.458197228129208,1.0,96.0,226.0,1000.0,9.438,1.5053757006143018,0.0,10.0,226.0,1000.0
226,2390.7427803322716,44560.653266747555,13.285517342005804,988855.8027354142,227.0,1000.0,49.56,16.4671308976397,3.0,100.0,227.0,1000.0,9.408,1.4770023696663452,1.0,10.0,227.0,1000.0
227,9755.12618621415,84290.32533032508,13.116612951155302,953154.2876937441,228.0,1000.0,49.292,15.457255125021389,6.0,102.0,228.0,1000.0,9.364,1.4722445449041406,2.0,10.0,228.0,1000.0
228,452291.43386104726,9973552.05419024,13.098072274158401,223241453.86240673,229.0,1000.0,49.478,17.724940507657564,2.0,102.0,229.0,1000.0,9.236,1.6261316059901179,1.0,10.0,229.0,1000.0
229,32153.960160735143,665397.720967159,13.013393894072241,14879060.079158826,230.0,1000.0,49.25,16.697409978796113,1.0,102.0,230.0,1000.0,9.296,1.5298313632554406,0.0,10.0,230.0,1000.0
230,1.9840174535585414e+248,inf,13.29525042984498,9.920087267792708e+250,231.0,1000.0,48.752,15.462034018847586,1.0,102.0,231.0,1000.0,9.326,1.507223938238774,0.0,10.0,231.0,1000.0
231,5554.726962388103,63293.25117849135,13.15496043906076,1038648.4608770063,232.0,1000.0,48.936,17.127402138094382,2.0,99.0,232.0,1000.0,9.154,1.6535670533727989,1.0,10.0,232.0,1000.0
232,5.820085059011116e+301,inf,13.089526695324915,2.910042529505558e+304,233.0,1000.0,49.214,16.70329919506922,1.0,98.0,233.0,1000.0,9.19,1.7244999275152202,0.0,10.0,233.0,1000.0
233,2723.865333673103,34185.37339734726,12.83355396117278,660407.0168364207,234.0,1000.0,48.696,16.83174334405085,2.0,82.0,234.0,1000.0,9.168,1.681599238819999,1.0,10.0,234.0,1000.0
234,2868.923959218854,46744.9863306341,13.009349973031261,1019861.7874790757,235.0,1000.0,49.368,16.792039066176567,1.0,80.0,235.0,1000.0,9.23,1.6712570119523806,0.0,10.0,235.0,1000.0
235,8929.764019909275,85047.43997575871,12.892092620569654,1139256.1055555004,236.0,1000.0,50.314,16.884768402320475,1.0,82.0,236.0,1000.0,9.338,1.541348760015072,0.0,10.0,236.0,1000.0
236,6233.771862533495,72547.78419450102,12.93093298886185,1096912.1649387295,237.0,1000.0,50.984,18.11959558047585,1.0,88.0,237.0,1000.0,9.252,1.745994272613745,0.0,10.0,237.0,1000.0
237,23681354937.863613,529001348483.20605,13.020587972737575,11840676358822.215,238.0,1000.0,51.416,17.35254863125299,1.0,89.0,238.0,1000.0,9.296,1.688900233880024,0.0,10.0,238.0,1000.0
238,5890.825125396457,50400.43292604104,12.9586791402421,617791.6811086949,239.0,1000.0,50.638,17.532112137446532,1.0,89.0,239.0,1000.0,9.244,1.7321847476525132,0.0,10.0,239.0,1000.0
239,9643027.698169194,214419659.03885067,12.933747533804997,4799377045.16262,240.0,1000.0,51.686,17.856074708625073,1.0,87.0,240.0,1000.0,9.268,1.6697832194629338,0.0,10.0,240.0,1000.0
240,1090889006.3920639,24368536976.84191,12.879319426754055,545442771156.409,241.0,1000.0,50.782,18.116248949492828,1.0,89.0,241.0,1000.0,9.368,1.680647494271181,0.0,10.0,241.0,1000.0
241,1921.2138233415628,26272.29606486429,12.962416536550755,489039.15541107295,242.0,1000.0,51.648,17.782241028621787,2.0,87.0,242.0,1000.0,9.402,1.5232846089946552,1.0,10.0,242.0,1000.0
242,6613.6789305144275,72960.46789653362,13.019201565614276,1013835.2928237708,243.0,1000.0,51.9,17.37843491226986,2.0,87.0,243.0,1000.0,9.372,1.637564044549098,1.0,10.0,243.0,1000.0
243,11169.845811310372,96199.7421819761,13.089212552388549,1106196.2085466527,244.0,1000.0,52.314,17.2941436330337,2.0,87.0,244.0,1000.0,9.44,1.5094369811290567,1.0,10.0,244.0,1000.0
244,459545.4434634593,10067839.929000245,12.874444919636586,225350603.5547609,245.0,1000.0,52.208,16.637570014878975,3.0,87.0,245.0,1000.0,9.51,1.3615799645999496,1.0,10.0,245.0,1000.0
245,6524.162216983913,62221.6658788702,12.919723031393836,882152.5724462452,246.0,1000.0,51.646,16.63191762846365,1.0,86.0,246.0,1000.0,9.464,1.51680717297882,0.0,10.0,246.0,1000.0
246,4444.42348966975,58983.873270109005,12.811906771862049,1016772.2068943691,247.0,1000.0,52.58,16.699688619851567,2.0,88.0,247.0,1000.0,9.526,1.354002954206526,1.0,10.0,247.0,1000.0
247,5207.202061216906,63508.59389712224,12.869678148231436,1031837.3307814843,248.0,1000.0,52.046,16.78391742115052,1.0,86.0,248.0,1000.0,9.45,1.488455575420375,0.0,10.0,248.0,1000.0
248,1.1104142469039302e+220,inf,12.775755343969548,5.552071234519651e+222,249.0,1000.0,51.462,17.731907849974856,1.0,92.0,249.0,1000.0,9.3,1.6774981371077586,0.0,10.0,249.0,1000.0
249,14021.758823452037,170033.27210488924,12.887648864816272,3353612.775956999,250.0,1000.0,52.324,17.01255489337213,1.0,95.0,250.0,1000.0,9.378,1.5553507642972373,0.0,10.0,250.0,1000.0
